KEY,SubmissionDate,starttime,endtime,deviceid,subscriberid,simid,devicephonenum,username,duration,formdef_version,instanceID,respondent_id,age,gender,education_level,household_size,farm_size_ha,main_crop,secondary_crop,yield_kg_last_season,estimated_income_kes,uses_fertilizer,uses_irrigation,soil_type,years_farming,belongs_to_coop,received_extension,gps_latitude,gps_longitude,gps_altitude,gps_accuracy,challenges_faced,new_practices_adopted,additional_comments,has_valid_gps,data_quality_score
5fa5abcc-6d70-4115-af63-a96d4e3b500d,2025-09-21 19:07:00,2025-09-21 17:53:00,2025-09-21 19:07:00,collect:device:723398,8901386480450,748147629526492,254781259135.0,enum_mary,4440,20250901v3,uuid:5fa5abcc-6d70-4115-af63-a96d4e3b500d,R0001,29.0,Male,Tertiary,6,0.67,Maize,,210.6,47879.0,No,Yes,Clay,10,Yes,Yes,-0.56365,38.270665,1880.1,8.2,Poor road access to market so I sell at very low prices to middlemen.,Practicing crop rotation between maize and beans.,The training last month was useful.,True,5
3c6be662-f027-41e8-bc87-0e83aec74e7a,2025-10-10 19:06:00,2025-10-10 18:08:00,2025-10-10 19:06:00,collect:device:141672,8901270937380,908786126602732,254783871890.0,enum_peter,3480,20250901v3,uuid:3c6be662-f027-41e8-bc87-0e83aec74e7a,R0002,24.0,Female,Secondary,11,1.39,Maize,,151.5,36254.0,No,Yes,Unknown,44,,No,0.876786,36.598905,1608.2,7.8,Drought and lack of reliable rainfall this season made it hard to plant on time.,Bought a small solar pump for irrigation.,Need more support with inputs.,True,5
0cb4078d-cd21-4943-82b0-2681552edb3a,2025-09-23 17:31:00,2025-09-23 17:06:00,2025-09-23 17:31:00,collect:device:749468,8901945436943,532321513932199,254770900658.0,enum_john,1500,20250901v3,uuid:0cb4078d-cd21-4943-82b0-2681552edb3a,R0003,46.0,Female,Primary,11,1.09,Maize,Potatoes,299.9,23782.0,Organic Only,Yes,Loam,10,Yes,No,0.329985,36.362237,1215.4,24.1,Drought!!! no rain for 3 months and then floods destroyed everything. Government help is very slow.,I am experimenting with kitchen gardening for household food.,Thank you for the survey.,True,5
18361e62-3d2f-4319-a793-4a0affab00e7,2025-09-11 11:21:00,2025-09-11 10:01:00,2025-09-11 11:21:00,collect:device:185965,8901852991721,549968667066517,254743742830.0,enum_mary,4800,20250901v3,uuid:18361e62-3d2f-4319-a793-4a0affab00e7,R0004,28.0,Female,Primary,10,,Maize,Maize,2690.0,60498.0,No,No,Sandy,13,,,-0.003354,37.223632,1782.9,16.6,Crop diseases that I do not know how to control.,I started using conservation agriculture and mulching to keep moisture.,Need more support with inputs.,True,4
09705ce0-cdcb-4641-8a63-23d79f5ef714,2025-09-25 11:27:00,2025-09-25 10:26:00,2025-09-25 11:27:00,collect:device:141672,8901216066793,266147562783668,254735848226.0,enum_peter,3660,20250901v3,uuid:09705ce0-cdcb-4641-8a63-23d79f5ef714,R0005,50.0,Female,,3,1.17,Maize,Beans,164.4,22417.0,,No,Clay,37,,Yes,-1.109953,38.464126,1453.1,15.3,Crop diseases that I do not know how to control.,Still learning about proper spacing and planting dates.,Need more support with inputs.,True,5
3cf34d1e-e840-4141-ad82-393651426fcd,2025-09-29 18:17:00,2025-09-29 16:50:00,2025-09-29 18:17:00,collect:device:789305,8901510751046,874196442655465,254781922443.0,enum_grace,5220,20250901v3,uuid:3cf34d1e-e840-4141-ad82-393651426fcd,R0006,23.0,Female,Primary,2,0.75,Beans,,506.1,130997.0,Yes,No,Clay-Loam,38,No,Yes,,36.605138,1650.3,12.1,Soil is becoming less fertile and yields keep dropping every year.,"Nothing new this season, same as always.",Soil testing would help us a lot.,False,5
28f8dd57-e008-4d95-9264-726a928e6604,2025-09-02 18:20:00,2025-09-02 18:03:00,2025-09-02 18:20:00,collect:device:712024,8901141580226,976422894276117,254734850391.0,,1020,20250901v3,uuid:28f8dd57-e008-4d95-9264-726a928e6604,R0007,64.0,Female,,6,1.58,Maize,Potatoes,207.7,67866.0,No,Yes,Loam,24,,No,-1.354791,37.680339,2157.6,12.4,Poor road access to market so I sell at very low prices to middlemen.,mulching and organic fertilizer,,True,5
fc0fc57d-daac-4798-8999-28dd0eedbff4,2025-09-15 09:26:00,2025-09-15 08:42:00,2025-09-15 09:26:00,collect:device:692683,8901605399561,346391214858643,254774988034.0,enum_grace,2640,20250901v3,uuid:fc0fc57d-daac-4798-8999-28dd0eedbff4,R0008,32.0,Male,Primary,11,0.58,Beans,,,70232.0,Yes,No,Loam,2,No,Yes,0.66544,37.904049,1599.0,14.9,Everything is expensive and the weather is bad.,I started using conservation agriculture and mulching to keep moisture.,Market prices are too low.,True,4
8d52d436-b696-411b-85b5-f3b2d20a9e7c,2025-10-01 08:22:00,2025-10-01 07:47:00,2025-10-01 08:22:00,collect:device:648177,8901338836384,883530703274800,254789133014.0,enum_grace,2100,20250901v3,uuid:8d52d436-b696-411b-85b5-f3b2d20a9e7c,R0009,,Female,,5,2.98,Coffee,Beans,774.9,20789.0,No,No,Clay-Loam,22,Yes,No,0.002788,36.594094,2039.8,18.3,High cost of fertilizer and seeds. I could not afford enough.,Joined a farmers group that trains on post-harvest handling.,Hope next season will be better.,True,4
6b8564c4-2b14-4c51-ae7d-4c3c7a14a9ef,2025-09-24 17:12:00,2025-09-24 16:30:00,2025-09-24 17:12:00,collect:device:431737,8901314289692,623034751983891,254780415568.0,enum_peter,2520,20250901v3,uuid:6b8564c4-2b14-4c51-ae7d-4c3c7a14a9ef,R0010,68.0,Male,,10,2.22,Potatoes,,354.2,28001.0,No,No,Clay-Loam,17,No,No,0.270181,37.820541,1388.5,18.4,,Tried planting cover crops but they did not establish well.,Hope next season will be better.,True,5
dbcfc2e2-eb35-47f7-84c4-4f7fe9acb84c,2025-09-22 16:36:00,2025-09-22 15:20:00,2025-09-22 16:36:00,collect:device:373432,8901976803188,727580836977828,254723492385.0,enum_grace,4560,20250901v3,uuid:dbcfc2e2-eb35-47f7-84c4-4f7fe9acb84c,R0011,28.0,Female,,5,0.91,Maize,,1773.5,9831.0,No,No,Clay,36,No,Yes,-1.448539,36.919458,1872.5,6.8,No storage facilities so I have to sell immediately after harvest at low price.,Attended a training on climate-smart agriculture last year.,I would like irrigation support.,True,5
ee2bf428-5e89-4f2d-ba44-d8233ccd8f43,2025-10-03 13:02:00,2025-10-03 12:15:00,2025-10-03 13:02:00,collect:device:314181,8901594246837,236639438164519,254749761527.0,enum_john,2820,20250901v3,uuid:ee2bf428-5e89-4f2d-ba44-d8233ccd8f43,R0012,40.0,Male,Secondary,10,0.95,Vegetables,,2645.4,,,No,Sandy,14,Yes,No,0.924775,37.580765,2177.0,14.0,Pests especially fall armyworm destroyed a large part of my maize.,I now keep farm records of expenses and sales.,Hope next season will be better.,True,5
ef771ec1-d6fa-46c3-8619-938535af4e73,2025-09-19 12:28:00,2025-09-19 11:39:00,2025-09-19 12:28:00,collect:device:802258,8901475442872,250128247353023,254734084236.0,enum_mary,2940,20250901v3,uuid:ef771ec1-d6fa-46c3-8619-938535af4e73,R0013,43.0,Male,Secondary,5,1.68,Tea,,87.9,11612.0,No,No,Clay,10,No,No,0.581107,,1301.9,12.1,Drought and lack of reliable rainfall this season made it hard to plant on time.,Planted drought-tolerant maize variety recommended by the agrovet.,Market prices are too low.,False,5
9fd60ab4-4056-446b-bf68-51a061ae8616,2025-09-30 12:43:00,2025-09-30 11:37:00,2025-09-30 12:43:00,collect:device:850981,8901427696198,623143343612783,254781690398.0,enum_mary,3960,20250901v3,uuid:9fd60ab4-4056-446b-bf68-51a061ae8616,R0014,51.0,Female,Secondary,10,0.71,Maize,Potatoes,359.7,153949.0,Yes,No,Loam,35,,No,-0.969152,37.339437,1208.3,22.2,High cost of fertilizer and seeds. I could not afford enough.,I now keep farm records of expenses and sales.,I would like irrigation support.,True,5
c67e270c-7343-4158-8e1d-b4194d4c5c00,2025-09-25 10:46:00,2025-09-25 09:58:00,2025-09-25 10:46:00,collect:device:429445,8901981044229,698004048748481,,enum_peter,2880,20250901v3,uuid:c67e270c-7343-4158-8e1d-b4194d4c5c00,R0015,63.0,Female,,5,5.75,Maize,,701.5,38391.0,Yes,No,Clay,25,Yes,,-1.045438,36.225724,1633.6,16.9,Unpredictable weather and long dry spells.,I dont know,I would like irrigation support.,True,5
b80d0722-8b40-4b48-add4-7a7be1683d5c,2025-09-08 15:57:00,2025-09-08 15:02:00,2025-09-08 15:57:00,collect:device:350280,8901953995721,729294261241092,,enum_john,3300,20250901v3,uuid:b80d0722-8b40-4b48-add4-7a7be1683d5c,R0016,51.0,Female,Primary,3,1.8,Beans,Beans,1832.6,43807.0,No,No,Loam,3,No,No,-1.041489,38.088256,1292.6,14.7,Crop diseases that I do not know how to control.,Applied organic manure from my cattle and reduced chemical fertilizer.,Thank you for the survey.,True,5
ecfc312f-9d15-4a65-847e-6b1375c4f85c,2025-09-16 13:00:00,2025-09-16 11:55:00,2025-09-16 13:00:00,collect:device:378517,8901344378798,457245052227621,,enum_john,3900,20250901v3,uuid:ecfc312f-9d15-4a65-847e-6b1375c4f85c,R0017,46.0,Male,Primary,7,1.85,Maize,Vegetables,441.9,28349.0,Yes,No,Clay-Loam,38,Yes,No,-0.739394,36.80195,1948.4,5.5,pests and drought,Applied organic manure from my cattle and reduced chemical fertilizer.,,True,5
28efb21a-d1ab-4cbd-a7f0-33446a3782b0,2025-09-05 08:00:00,2025-09-05 06:59:00,2025-09-05 08:00:00,collect:device:515011,8901339362341,950338885520291,254726948946.0,enum_mary,3660,20250901v3,uuid:28efb21a-d1ab-4cbd-a7f0-33446a3782b0,R0018,,Male,Tertiary,6,2.33,Maize,Beans,653.3,45132.0,Yes,Sometimes,Clay-Loam,17,Yes,No,-0.188109,36.466296,2114.5,16.3,Conflict over water with neighbouring farms.,mulching and organic fertilizer,The training last month was useful.,True,4
e59032e4-7f65-4ae5-927c-767e549881e7,2025-09-04 13:34:00,2025-09-04 12:22:00,2025-09-04 13:34:00,collect:device:237235,8901125409494,598293049425233,254775884623.0,,4320,20250901v3,uuid:e59032e4-7f65-4ae5-927c-767e549881e7,R0019,34.0,Male,Primary,4,0.85,Vegetables,Vegetables,234.8,546541.0,Yes,No,Sandy,12,,No,-0.420137,36.101938,1634.0,5.6,Drought and lack of reliable rainfall this season made it hard to plant on time.,Applied organic manure from my cattle and reduced chemical fertilizer.,Thank you for the survey.,True,5
7bfd9f0c-b268-4dae-b456-92382c2a77a4,2025-10-02 15:33:00,2025-10-02 14:04:00,2025-10-02 15:33:00,collect:device:804318,8901808705238,580467274507331,,enum_mary,5340,20250901v3,uuid:7bfd9f0c-b268-4dae-b456-92382c2a77a4,R0020,52.0,Male,,2,,Potatoes,Vegetables,167.4,26104.0,Yes,Yes,Clay-Loam,24,No,,-0.771927,37.477232,1458.7,10.4,Everything is expensive and the weather is bad.,Bought a small solar pump for irrigation.,,True,4
59317c32-0937-4187-bb53-d945daaa1a46,2025-09-25 15:20:00,2025-09-25 14:09:00,2025-09-25 15:20:00,collect:device:776856,8901307371533,602053965223451,,enum_peter,4260,20250901v3,uuid:59317c32-0937-4187-bb53-d945daaa1a46,R0021,30.0,Female,,9,1.48,Maize,Beans,2442.7,17757.0,Yes,No,Clay,29,,No,0.029632,37.693911,1634.4,6.1,Unpredictable weather and long dry spells.,Installed a small drip irrigation system for vegetables.,,True,5
39bb6ccc-a468-4748-9eb3-ef42d3c0415c,2025-10-09 16:26:00,2025-10-09 15:49:00,2025-10-09 16:26:00,collect:device:414569,8901527849588,279198479003193,254774251933.0,enum_john,2220,20250901v3,uuid:39bb6ccc-a468-4748-9eb3-ef42d3c0415c,R0022,58.0,Female,,1,2.89,Maize,Maize,128.8,65034.0,Yes,No,Clay-Loam,43,No,No,-1.151265,36.04147,1923.4,18.2,Everything is expensive and the weather is bad.,Installed a small drip irrigation system for vegetables.,,True,5
87880d69-9fd9-4e40-8f03-3d7546717e7a,2025-09-02 14:47:00,2025-09-02 13:45:00,2025-09-02 14:47:00,collect:device:141672,8901452468587,606735165195144,254734744872.0,enum_grace,3720,20250901v3,uuid:87880d69-9fd9-4e40-8f03-3d7546717e7a,R0023,56.0,Female,,11,1.15,Beans,Beans,5408.7,2257.0,Yes,No,Clay,25,Yes,No,-0.769638,37.280233,1209.1,7.5,No storage facilities so I have to sell immediately after harvest at low price.,mulching and organic fertilizer,Need more support with inputs.,True,5
1a174088-ed8f-4690-beed-c5f324f6f399,2025-09-13 14:51:00,2025-09-13 14:15:00,2025-09-13 14:51:00,collect:device:431535,8901399147754,946423203143839,254743887075.0,enum_mary,2160,20250901v3,uuid:1a174088-ed8f-4690-beed-c5f324f6f399,R0024,32.0,Male,Primary,4,3.87,Coffee,Potatoes,1277.5,38962.0,Yes,No,Sandy,36,No,Yes,,36.566239,1789.5,11.6,Crop diseases that I do not know how to control.,Bought a small solar pump for irrigation.,Thank you for the survey.,False,5
5c7ce946-cae4-4775-a373-70bd9919e5c9,2025-10-06 11:41:00,2025-10-06 11:10:00,2025-10-06 11:41:00,collect:device:888387,8901174539964,412225386317743,254774119726.0,enum_mary,1860,20250901v3,uuid:5c7ce946-cae4-4775-a373-70bd9919e5c9,R0025,72.0,Female,Secondary,1,1.86,Tea,,1226.6,24128.0,,No,Clay-Loam,26,No,No,-0.359825,37.612932,1813.3,22.7,Labour is expensive and hard to find during peak seasons.,Practicing crop rotation between maize and beans.,The training last month was useful.,True,5
6fdf07b9-a3f2-427d-b787-b9973eb0fe20,2025-09-26 15:53:00,2025-09-26 14:30:00,2025-09-26 15:53:00,collect:device:176066,8901930353157,975583912041873,,enum_peter,4980,20250901v3,uuid:6fdf07b9-a3f2-427d-b787-b9973eb0fe20,R0026,46.0,Female,Unknown,6,7.74,Beans,Beans,1116.5,12191.0,Yes,Yes,Clay,38,Yes,Yes,0.46294,36.435916,1837.7,7.5,My biggest problem is access to quality certified seeds.,Started intercropping to maximize the small land I have.,Soil testing would help us a lot.,True,5
88facbe5-a4a6-4750-b085-b5e5437a8327,2025-09-12 06:13:00,2025-09-12 05:48:00,2025-09-12 06:13:00,collect:device:109767,8901399708182,645609114445715,,enum_john,1500,20250901v3,uuid:88facbe5-a4a6-4750-b085-b5e5437a8327,R0027,46.0,Female,,4,1.0,Beans,,529.8,63483.0,Yes,No,Clay,1,No,No,-1.000816,37.727344,1442.0,14.2,Water scarcity for irrigation even though I have a small pump.,I am experimenting with kitchen gardening for household food.,,True,5
94d6b349-de45-4a35-a277-f0b6063350a0,2025-09-14 14:33:00,2025-09-14 14:04:00,2025-09-14 14:33:00,collect:device:580547,8901477040284,369365860799977,254787446468.0,enum_john,1740,20250901v3,uuid:94d6b349-de45-4a35-a277-f0b6063350a0,R0028,28.0,Female,Secondary,5,1.59,Potatoes,Vegetables,946.6,38538.0,No,No,Loam,20,No,No,-0.214414,36.966838,1914.1,12.2,Drought and lack of reliable rainfall this season made it hard to plant on time.,Using traditional methods passed from my father + some new hybrid seeds.,The training last month was useful.,True,5
bff20410-1daf-477d-b080-d0a45c0a5275,2025-09-20 16:15:00,2025-09-20 15:26:00,2025-09-20 16:15:00,collect:device:751332,8901788785773,595249563321519,254717195288.0,enum_mary,2940,20250901v3,uuid:bff20410-1daf-477d-b080-d0a45c0a5275,R0029,69.0,Male,,5,0.59,Maize,Maize,,5001.0,Yes,No,Loam,28,Yes,,-0.018964,38.341825,1291.4,3.4,Lack of capital to buy proper equipment or hire labour.,I follow advice from the radio agricultural program.,Soil testing would help us a lot.,True,4
ef720783-4481-4d2d-8af4-a6d10b9952a5,2025-10-01 12:05:00,2025-10-01 11:18:00,2025-10-01 12:05:00,collect:device:690341,8901646970178,903378260472567,254785543051.0,enum_john,2820,20250901v3,uuid:ef720783-4481-4d2d-8af4-a6d10b9952a5,R0030,49.0,Male,Secondary,9,0.88,Maize,Beans,1094.2,17833.0,Organic Only,No,Loam,16,No,No,-1.383874,36.343802,1399.3,20.4,No storage facilities so I have to sell immediately after harvest at low price.,Using push-pull technology for pest control.,Market prices are too low.,True,5
8038cf63-86a8-48af-8498-65e0ce6fb5aa,2025-09-19 10:57:00,2025-09-19 10:27:00,2025-09-19 10:57:00,collect:device:204837,8901529151399,364017161845489,254721432787.0,enum_john,1800,20250901v3,uuid:8038cf63-86a8-48af-8498-65e0ce6fb5aa,R0031,19.0,Male,Secondary,1,2.21,Potatoes,Vegetables,645.3,1515.0,No,Yes,Loam,17,No,No,0.018862,36.852666,2077.5,4.5,Government extension officers rarely visit our area.,Bought a small solar pump for irrigation.,Soil testing would help us a lot.,True,5
a2bba785-d30c-4204-bf70-7659b895c919,2025-09-04 18:03:00,2025-09-04 17:15:00,2025-09-04 18:03:00,collect:device:176819,8901829627019,478130087747353,254725898299.0,enum_mary,2880,20250901v3,uuid:a2bba785-d30c-4204-bf70-7659b895c919,R0032,64.0,Female,Secondary,2,3.33,Maize,,282.8,50141.0,Yes,Yes,Loam,40,No,No,-1.07369,36.283684,1938.7,13.4,Water scarcity for irrigation even though I have a small pump.,Using push-pull technology for pest control.,Market prices are too low.,True,5
d2ef585b-87ae-4186-9465-9338953a6105,2025-09-20 15:23:00,2025-09-20 14:03:00,2025-09-20 15:23:00,collect:device:663750,8901675757257,190720619162247,254765857931.0,enum_james,4800,20250901v3,uuid:d2ef585b-87ae-4186-9465-9338953a6105,R0033,31.0,Male,Primary,6,14.47,Coffee,,303.8,49594.0,Yes,,Sandy,28,Yes,No,-1.337371,38.311734,1213.7,15.3,Soil is becoming less fertile and yields keep dropping every year.,Attended a training on climate-smart agriculture last year.,Hope next season will be better.,True,5
2d09eec6-5da8-4ddd-b31c-fb68599a6d6a,2025-10-05 15:36:00,2025-10-05 14:42:00,2025-10-05 15:36:00,collect:device:323508,8901455569462,269819306228615,254793002706.0,enum_peter,3240,20250901v3,uuid:2d09eec6-5da8-4ddd-b31c-fb68599a6d6a,R0034,,Male,Secondary,5,1.25,Coffee,Beans,274.3,15175.0,No,No,Sandy,12,Yes,,0.872214,38.193348,1448.4,16.8,Unpredictable weather and long dry spells.,Using mobile money to save for next season inputs.,Soil testing would help us a lot.,True,4
2778b782-5cad-439a-afd8-5f5fab89d616,2025-10-08 10:53:00,2025-10-08 10:11:00,2025-10-08 10:53:00,collect:device:630458,8901129635852,531258659451864,254780138498.0,enum_peter,2520,20250901v3,uuid:2778b782-5cad-439a-afd8-5f5fab89d616,R0035,39.0,Male,Secondary,11,0.64,Maize,Beans,1593.7,65783.0,Organic Only,Yes,Clay,27,No,No,0.91408,36.644854,1414.4,18.1,Government extension officers rarely visit our area.,Tried planting cover crops but they did not establish well.,Market prices are too low.,True,5
e2946ff5-d0aa-4c49-955c-1e567f1cead9,2025-10-10 12:20:00,2025-10-10 11:19:00,2025-10-10 12:20:00,collect:device:378082,8901223847257,272042190500337,254769421007.0,enum_mary,3660,20250901v3,uuid:e2946ff5-d0aa-4c49-955c-1e567f1cead9,R0036,28.0,Male,Primary,7,2.47,Beans,Vegetables,381.6,8860.0,No,No,Unknown,42,Yes,No,0.520993,37.64996,1470.8,8.6,Poor road access to market so I sell at very low prices to middlemen.,,,True,5
1d96617d-c5d8-4474-a437-bd097c2cf2d6,2025-09-10 11:45:00,2025-09-10 10:52:00,2025-09-10 11:45:00,collect:device:238890,8901380477683,340890569810574,254788990506.0,enum_james,3180,20250901v3,uuid:1d96617d-c5d8-4474-a437-bd097c2cf2d6,R0037,44.0,Male,,3,0.55,Coffee,Maize,119.0,12542.0,No,Yes,Loam,30,Yes,Yes,-0.738466,38.043056,1447.6,3.2,High cost of fertilizer and seeds. I could not afford enough.,I am experimenting with kitchen gardening for household food.,Need more support with inputs.,True,5
b7bfa173-b8ae-407c-926f-ceb69d63abaf,2025-09-04 17:56:00,2025-09-04 16:32:00,2025-09-04 17:56:00,collect:device:465962,8901291735734,567099444137297,254750987442.0,enum_mary,5040,20250901v3,uuid:b7bfa173-b8ae-407c-926f-ceb69d63abaf,R0038,20.0,Female,Primary,3,2.12,Maize,Beans,950.7,57464.0,Yes,Sometimes,Sandy,41,No,No,-1.25582,37.388002,1262.5,18.9,I lost most of my beans to heavy rains that came at the wrong time.,,Soil testing would help us a lot.,True,5
41c7ae2c-5014-4b0a-845c-e06e2726cd0f,2025-09-20 06:54:00,2025-09-20 05:27:00,2025-09-20 06:54:00,collect:device:172132,8901723403479,472538623946426,254718083974.0,enum_john,5220,20250901v3,uuid:41c7ae2c-5014-4b0a-845c-e06e2726cd0f,R0039,34.0,Female,,10,0.9,Maize,Maize,2599.5,17025.0,,Yes,Loam,34,Yes,No,0.210583,37.324126,1658.9,14.8,Poor road access to market so I sell at very low prices to middlemen.,Joined a farmers group that trains on post-harvest handling.,I would like irrigation support.,True,5
2090c08b-0530-4be0-8354-8973b0d42766,2025-09-07 09:28:00,2025-09-07 08:54:00,2025-09-07 09:28:00,collect:device:356150,8901385042337,624585341063259,254723318904.0,enum_grace,2040,20250901v3,uuid:2090c08b-0530-4be0-8354-8973b0d42766,R0040,61.0,Male,Primary,2,1.6,Beans,Potatoes,1333.8,33897.0,Yes,No,Unknown,37,Yes,No,-0.399619,36.604631,1932.7,21.4,Climate change is real; seasons are no longer predictable.,I now keep farm records of expenses and sales.,Market prices are too low.,True,5
eee2c9a0-7ef6-4149-ab6a-3b5bd6d3feba,2025-09-14 08:23:00,2025-09-14 08:08:00,2025-09-14 08:23:00,collect:device:487477,8901141078352,170104241942063,254737888820.0,enum_john,900,20250901v3,uuid:eee2c9a0-7ef6-4149-ab6a-3b5bd6d3feba,R0041,73.0,Female,Primary,3,3.23,Maize,,386.5,19535.0,Organic Only,No,Clay,6,No,Yes,-1.194904,36.232757,1806.7,21.1,Climate change is real; seasons are no longer predictable.,I now keep farm records of expenses and sales.,Thank you for the survey.,True,5
2c8566bd-055e-42b3-90af-0cb0bddb4916,2025-10-07 15:54:00,2025-10-07 14:28:00,2025-10-07 15:54:00,collect:device:398830,8901216396351,538513670456991,254745520201.0,enum_mary,5160,20250901v3,uuid:2c8566bd-055e-42b3-90af-0cb0bddb4916,R0042,45.0,Female,Secondary,10,,Beans,Vegetables,159.5,23109.0,No,No,Loam,7,No,No,-0.262058,38.243039,1872.9,21.6,Conflict over water with neighbouring farms.,Applied organic manure from my cattle and reduced chemical fertilizer.,Market prices are too low.,True,4
c5c88ec1-e937-4e21-a623-2dba3db270a9,2025-09-04 13:23:00,2025-09-04 12:06:00,2025-09-04 13:23:00,collect:device:265409,8901740563507,966715401682561,254731079846.0,enum_peter,4620,20250901v3,uuid:c5c88ec1-e937-4e21-a623-2dba3db270a9,R0043,46.0,Male,Primary,1,2.85,Maize,,589.4,24247.0,No,No,Loam,32,Yes,Yes,-1.414029,38.251045,1281.1,13.7,Water scarcity for irrigation even though I have a small pump.,"Nothing new this season, same as always.",Soil testing would help us a lot.,True,5
5e50f954-547e-497f-a4c1-62a76c06a9b7,2025-10-04 19:17:00,2025-10-04 17:56:00,2025-10-04 19:17:00,collect:device:559469,8901566609283,121993219804014,254784087145.0,enum_james,4860,20250901v3,uuid:5e50f954-547e-497f-a4c1-62a76c06a9b7,R0044,38.0,Female,Primary,5,2.71,Beans,Maize,576.3,16690.0,No,Yes,Loam,32,No,No,0.773301,37.582754,2151.5,10.3,Pests especially fall armyworm destroyed a large part of my maize.,I started using conservation agriculture and mulching to keep moisture.,Market prices are too low.,True,5
5ca31303-f55b-49e2-87c8-9b22f7c8232f,2025-09-19 17:59:00,2025-09-19 17:41:00,2025-09-19 17:59:00,collect:device:974244,8901471178705,748169687744899,,enum_peter,1080,20250901v3,uuid:5ca31303-f55b-49e2-87c8-9b22f7c8232f,R0045,64.0,Male,Primary,5,0.3,Maize,Vegetables,278.0,50650.0,Yes,Yes,Clay,25,Yes,,-0.85305,36.847574,2038.5,20.4,Labour is expensive and hard to find during peak seasons.,Participating in a demo plot with the county agricultural office.,The training last month was useful.,True,5
9e36a5fd-ee3e-4c5a-aba2-43d5b763de15,2025-09-19 06:45:00,2025-09-19 05:33:00,2025-09-19 06:45:00,collect:device:669605,8901882269302,637031459514036,,enum_grace,4320,20250901v3,uuid:9e36a5fd-ee3e-4c5a-aba2-43d5b763de15,R0046,33.0,Female,Primary,11,0.66,Maize,Beans,1092.2,18202.0,Yes,Yes,Clay-Loam,33,No,No,0.156306,,2005.1,12.9,Everything is expensive and the weather is bad.,Bought a small solar pump for irrigation.,Thank you for the survey.,False,5
70b2397d-17b9-4163-bf1f-0f04eed43db7,2025-09-19 11:23:00,2025-09-19 10:44:00,2025-09-19 11:23:00,collect:device:837715,8901944420824,436207255756156,254789699989.0,,2340,20250901v3,uuid:70b2397d-17b9-4163-bf1f-0f04eed43db7,R0047,54.0,Female,Secondary,7,0.39,Coffee,,3505.1,36948.0,Yes,Yes,Unknown,7,No,Yes,-0.720722,37.814889,2023.0,7.0,Poor road access to market so I sell at very low prices to middlemen.,I now keep farm records of expenses and sales.,Soil testing would help us a lot.,True,5
3673d204-709f-4f51-a428-87f4c8e04c9a,2025-09-12 19:57:00,2025-09-12 18:56:00,2025-09-12 19:57:00,collect:device:417212,8901436808455,539086332755709,254714380847.0,enum_john,3660,20250901v3,uuid:3673d204-709f-4f51-a428-87f4c8e04c9a,R0048,37.0,Male,,4,6.7,Tea,,812.5,16291.0,Yes,Sometimes,Loam,12,Yes,No,-0.19983,38.242776,2132.7,21.8,I lost most of my beans to heavy rains that came at the wrong time.,Participating in a demo plot with the county agricultural office.,Need more support with inputs.,True,5
cbe3440e-3695-4324-92c0-d5403f4a5bd2,2025-10-08 10:30:00,2025-10-08 09:38:00,2025-10-08 10:30:00,collect:device:741390,8901568574364,705983030442637,254747945817.0,enum_mary,3120,20250901v3,uuid:cbe3440e-3695-4324-92c0-d5403f4a5bd2,R0049,23.0,Male,,3,1.24,Vegetables,,768.5,6716.0,No,No,Loam,16,Yes,No,-0.133224,38.217716,1744.3,22.4,High cost of fertilizer and seeds. I could not afford enough.,I now keep farm records of expenses and sales.,The training last month was useful.,True,5
7be4cc46-f6ac-4e91-ba87-8c882242da0d,2025-10-06 08:47:00,2025-10-06 08:18:00,2025-10-06 08:47:00,collect:device:946305,8901750911797,927123717451743,254770939053.0,enum_mary,1740,20250901v3,uuid:7be4cc46-f6ac-4e91-ba87-8c882242da0d,R0050,36.0,Female,Unknown,1,5.61,Coffee,Maize,286.1,99080.0,Yes,No,Unknown,16,No,No,-1.037864,37.949689,1400.3,13.3,Everything is expensive and the weather is bad.,I started using conservation agriculture and mulching to keep moisture.,Thank you for the survey.,True,5
2b517553-1b29-4f71-a784-e215ca937c70,2025-10-06 19:54:00,2025-10-06 18:37:00,2025-10-06 19:54:00,collect:device:785743,8901649136331,649696631552332,,enum_peter,4620,20250901v3,uuid:2b517553-1b29-4f71-a784-e215ca937c70,R0051,74.0,Female,Secondary,8,0.37,Maize,,2339.5,,Yes,No,Loam,43,Yes,,0.923962,37.605079,1816.8,4.7,Theft of produce from the farm at night.,Applied organic manure from my cattle and reduced chemical fertilizer.,I would like irrigation support.,True,5
617cf875-0634-41f2-a39c-43f2ab18a90c,2025-10-03 07:51:00,2025-10-03 07:16:00,2025-10-03 07:51:00,collect:device:654634,8901224173718,407297262502975,254745507920.0,enum_peter,2100,20250901v3,uuid:617cf875-0634-41f2-a39c-43f2ab18a90c,R0052,22.0,Male,Secondary,3,0.85,Coffee,Beans,621.6,450246.0,,No,Clay,36,,Yes,0.437832,36.21035,1942.9,11.5,Conflict over water with neighbouring farms.,Planted drought-tolerant maize variety recommended by the agrovet.,Market prices are too low.,True,5
93519949-ea98-460d-93c4-09e9b2e8d40c,2025-09-28 16:46:00,2025-09-28 15:35:00,2025-09-28 16:46:00,collect:device:108203,8901513600440,646785568420446,254793893865.0,enum_james,4260,20250901v3,uuid:93519949-ea98-460d-93c4-09e9b2e8d40c,R0053,20.0,Female,Primary,2,2.56,Coffee,Potatoes,395.0,11518.0,No,Yes,Loam,13,Yes,No,0.848747,36.404072,1937.9,20.7,Climate change is real; seasons are no longer predictable.,I now keep farm records of expenses and sales.,Market prices are too low.,True,5
b1e50fe3-3a3b-49d1-9fbe-a17db460235d,2025-09-11 14:59:00,2025-09-11 13:52:00,2025-09-11 14:59:00,collect:device:800305,8901719106699,537811910945722,254736550845.0,enum_grace,4020,20250901v3,uuid:b1e50fe3-3a3b-49d1-9fbe-a17db460235d,R0054,18.0,Male,Tertiary,11,1.56,Potatoes,Vegetables,704.4,28858.0,Organic Only,Sometimes,Loam,7,No,No,0.737068,38.246385,1721.4,22.8,My biggest problem is access to quality certified seeds.,Applied organic manure from my cattle and reduced chemical fertilizer.,Hope next season will be better.,True,5
ae64682d-e251-4a46-ad64-f9cf218d9c6d,2025-10-03 06:05:00,2025-10-03 05:05:00,2025-10-03 06:05:00,collect:device:956795,8901304095531,853085304313326,254783089925.0,enum_grace,3600,20250901v3,uuid:ae64682d-e251-4a46-ad64-f9cf218d9c6d,R0055,55.0,Male,Secondary,4,2.07,Beans,Vegetables,1017.2,31528.0,,No,Sandy,36,No,No,-0.00525,37.516073,1268.5,7.5,Unpredictable weather and long dry spells.,Planted drought-tolerant maize variety recommended by the agrovet.,Thank you for the survey.,True,5
b9efe8d6-d466-4f1d-9129-c3ca2ff3b6b9,2025-09-04 09:47:00,2025-09-04 09:19:00,2025-09-04 09:47:00,collect:device:681542,8901373506211,998630334299667,254729997018.0,enum_mary,1680,20250901v3,uuid:b9efe8d6-d466-4f1d-9129-c3ca2ff3b6b9,R0056,32.0,Female,Primary,3,0.5,Maize,,753.9,107829.0,Yes,No,Loam,9,No,Yes,0.804686,36.022993,1571.1,4.5,High cost of fertilizer and seeds. I could not afford enough.,"Nothing new this season, same as always.",Market prices are too low.,True,5
b87dcd69-0937-4155-84f8-4742e67a9a04,2025-09-27 11:46:00,2025-09-27 11:15:00,2025-09-27 11:46:00,collect:device:413921,8901147659674,915354033032223,254729090631.0,enum_james,1860,20250901v3,uuid:b87dcd69-0937-4155-84f8-4742e67a9a04,R0057,51.0,Male,Primary,1,4.06,Maize,,1969.5,20789.0,Yes,No,Unknown,32,No,No,-1.278769,36.253679,2120.8,22.3,Pests especially fall armyworm destroyed a large part of my maize.,Applied organic manure from my cattle and reduced chemical fertilizer.,Hope next season will be better.,True,5
0274677d-3dd4-46bf-be9a-c9e12d2d434d,2025-09-14 17:10:00,2025-09-14 16:17:00,2025-09-14 17:10:00,collect:device:795613,8901861052404,701371108457337,,,3180,20250901v3,uuid:0274677d-3dd4-46bf-be9a-c9e12d2d434d,R0058,52.0,Female,Tertiary,3,2.51,Beans,Beans,939.7,10015.0,No,Yes,Unknown,11,Yes,No,-1.010043,37.658754,1784.4,11.6,Crop diseases that I do not know how to control.,I am experimenting with kitchen gardening for household food.,Hope next season will be better.,True,5
b5f82dd8-68ae-459d-8471-e24df88ba239,2025-10-09 14:25:00,2025-10-09 14:02:00,2025-10-09 14:25:00,collect:device:208618,8901568213197,766413112918758,254751286958.0,enum_james,1380,20250901v3,uuid:b5f82dd8-68ae-459d-8471-e24df88ba239,R0059,66.0,Male,Secondary,2,1.86,Tea,,515.1,137117.0,No,Yes,Loam,8,,No,-1.386932,36.012654,1738.3,14.9,Theft of produce from the farm at night.,I now keep farm records of expenses and sales.,Soil testing would help us a lot.,True,5
02724780-b6b6-4d0b-9121-561d16359e21,2025-09-16 10:56:00,2025-09-16 10:36:00,2025-09-16 10:56:00,collect:device:240814,8901101815992,846472035057206,254786397676.0,enum_john,1200,20250901v3,uuid:02724780-b6b6-4d0b-9121-561d16359e21,R0060,42.0,Female,Secondary,8,0.78,Coffee,Beans,954.4,25634.0,Yes,No,Clay,33,No,Yes,-0.686674,36.40202,1468.9,24.3,High cost of fertilizer and seeds. I could not afford enough.,Started intercropping to maximize the small land I have.,Market prices are too low.,True,5
f382441f-600d-49b5-943b-335a81da968b,2025-09-10 07:02:00,2025-09-10 06:25:00,2025-09-10 07:02:00,collect:device:377312,8901658260221,194515166718207,254768942178.0,enum_grace,2220,20250901v3,uuid:f382441f-600d-49b5-943b-335a81da968b,R0061,41.0,Male,Secondary,6,1.75,Beans,,1042.8,95464.0,Yes,Yes,,23,No,No,-0.528307,37.371834,1568.4,4.5,Crop diseases that I do not know how to control.,mulching and organic fertilizer,The training last month was useful.,True,5
570ff44c-5958-4d74-a0a8-4356231bb7c7,2025-09-13 16:48:00,2025-09-13 15:35:00,2025-09-13 16:48:00,collect:device:221035,8901965984448,582576696032702,,enum_john,4380,20250901v3,uuid:570ff44c-5958-4d74-a0a8-4356231bb7c7,R0062,29.0,Female,Primary,9,1.07,,Potatoes,207.1,83987.0,Yes,No,Clay-Loam,25,No,Yes,-0.821627,37.729738,2095.3,17.3,Poor road access to market so I sell at very low prices to middlemen.,Using push-pull technology for pest control.,I would like irrigation support.,True,4
8a45f1e0-ecf7-4820-a984-8c0f93f7e948,2025-09-30 19:53:00,2025-09-30 18:53:00,2025-09-30 19:53:00,collect:device:212235,8901678158427,304609929993885,254764023778.0,enum_mary,3600,20250901v3,uuid:8a45f1e0-ecf7-4820-a984-8c0f93f7e948,R0063,35.0,Female,Secondary,8,0.36,Tea,Potatoes,1871.5,35141.0,Yes,Yes,Clay,8,Yes,No,0.571844,37.629903,1866.5,4.6,I lost most of my beans to heavy rains that came at the wrong time.,Bought a small solar pump for irrigation.,The training last month was useful.,True,5
a9d45f02-983c-4e95-bfa3-00cd38d24f12,2025-09-06 06:58:00,2025-09-06 06:06:00,2025-09-06 06:58:00,collect:device:878480,8901837507241,392908395623467,254777172238.0,enum_john,3120,20250901v3,uuid:a9d45f02-983c-4e95-bfa3-00cd38d24f12,R0064,32.0,Female,Tertiary,10,1.3,Maize,,507.3,29979.0,No,No,Unknown,22,No,Yes,-0.608117,36.560673,1987.4,11.3,Water scarcity for irrigation even though I have a small pump.,Installed a small drip irrigation system for vegetables.,The training last month was useful.,True,5
d58f01bb-92e2-4594-8c41-3566d7488acc,2025-09-19 15:34:00,2025-09-19 15:06:00,2025-09-19 15:34:00,collect:device:680097,8901872482077,468565656810355,254768755000.0,enum_grace,1680,20250901v3,uuid:d58f01bb-92e2-4594-8c41-3566d7488acc,R0065,61.0,Male,,3,1.19,Maize,Vegetables,519.2,23607.0,No,No,Clay-Loam,4,No,No,-0.797664,37.780448,1654.3,20.7,Labour is expensive and hard to find during peak seasons.,Participating in a demo plot with the county agricultural office.,Market prices are too low.,True,5
bac9260c-2ba2-44da-b7f7-236681fca66b,2025-09-26 08:04:00,2025-09-26 06:38:00,2025-09-26 08:04:00,collect:device:262998,8901896662826,611943830888028,,enum_grace,5160,20250901v3,uuid:bac9260c-2ba2-44da-b7f7-236681fca66b,R0066,33.0,Male,,5,3.16,Maize,Beans,1308.0,35714.0,No,No,Loam,40,No,No,-0.14326,36.593123,1830.2,12.5,Climate change is real; seasons are no longer predictable.,Participating in a demo plot with the county agricultural office.,,True,5
37085525-5a92-4816-a782-d6da59ca8424,2025-09-29 10:19:00,2025-09-29 09:03:00,2025-09-29 10:19:00,collect:device:385577,8901891388192,479990045371065,,enum_john,4560,20250901v3,uuid:37085525-5a92-4816-a782-d6da59ca8424,R0067,44.0,Female,Primary,7,0.23,Maize,,1303.0,93846.0,Yes,No,Loam,3,Yes,No,-1.147689,36.813499,1448.4,24.9,Lack of capital to buy proper equipment or hire labour.,mulching and organic fertilizer,Need more support with inputs.,True,5
e1784712-6efb-4579-9905-f4f979255e38,2025-09-21 15:04:00,2025-09-21 14:15:00,2025-09-21 15:04:00,collect:device:395442,8901820081872,413289427806820,254753261270.0,enum_mary,2940,20250901v3,uuid:e1784712-6efb-4579-9905-f4f979255e38,R0068,25.0,Female,Tertiary,5,1.63,Maize,Maize,354.0,15122.0,No,No,Sandy,29,Yes,Yes,0.505492,37.866229,1905.5,15.3,Climate change is real; seasons are no longer predictable.,I now keep farm records of expenses and sales.,Hope next season will be better.,True,5
1ead29f2-73d4-4cb7-8fc6-8fb6cb5fa0ad,2025-10-06 11:25:00,2025-10-06 10:52:00,2025-10-06 11:25:00,collect:device:734210,8901311564862,574640408968562,254713471527.0,enum_peter,1980,20250901v3,uuid:1ead29f2-73d4-4cb7-8fc6-8fb6cb5fa0ad,R0069,63.0,Male,Unknown,8,0.54,Maize,Vegetables,1370.1,40935.0,Yes,No,Clay,41,Yes,No,-1.313623,37.624082,1627.6,10.1,Climate change is real; seasons are no longer predictable.,mulching and organic fertilizer,Market prices are too low.,True,5
6fb9932a-9e51-48e5-9a91-e21b90dd7b43,2025-09-04 19:38:00,2025-09-04 18:54:00,2025-09-04 19:38:00,collect:device:320861,8901491079829,629518279773837,,enum_mary,2640,20250901v3,uuid:6fb9932a-9e51-48e5-9a91-e21b90dd7b43,R0070,42.0,Male,Primary,5,1.74,Maize,Maize,401.7,10610.0,Yes,No,Sandy,29,Yes,No,0.967217,38.123059,1642.5,7.8,Unpredictable weather and long dry spells.,I follow advice from the radio agricultural program.,Soil testing would help us a lot.,True,5
17035889-b381-43d0-9077-98262e5c3ec0,2025-10-09 07:34:00,2025-10-09 06:55:00,2025-10-09 07:34:00,collect:device:852470,8901563102056,943325501754758,254787201917.0,enum_john,2340,20250901v3,uuid:17035889-b381-43d0-9077-98262e5c3ec0,R0071,34.0,Male,Secondary,1,1.82,Maize,Beans,3420.8,12167.0,No,No,Clay-Loam,34,No,No,0.430612,37.644032,1849.3,10.7,Water scarcity for irrigation even though I have a small pump.,Using push-pull technology for pest control.,Hope next season will be better.,True,5
f053b14f-a1c6-40c9-8d09-6a86c6eb2409,2025-09-01 13:56:00,2025-09-01 13:02:00,2025-09-01 13:56:00,collect:device:459536,8901175133802,158641505279486,254712784407.0,enum_peter,3240,20250901v3,uuid:f053b14f-a1c6-40c9-8d09-6a86c6eb2409,R0072,46.0,Male,Primary,5,1.26,Maize,,315.6,35100.0,,Sometimes,Clay,34,Yes,,-1.003211,37.420772,2136.3,11.2,High cost of fertilizer and seeds. I could not afford enough.,Joined a farmers group that trains on post-harvest handling.,I would like irrigation support.,True,5
cec0df38-2fa2-497d-99da-61e533e6f4e8,2025-10-06 11:40:00,2025-10-06 11:12:00,2025-10-06 11:40:00,collect:device:313487,8901813219781,352451090792515,254746173157.0,enum_grace,1680,20250901v3,uuid:cec0df38-2fa2-497d-99da-61e533e6f4e8,R0073,70.0,Male,,4,2.57,Maize,Beans,825.1,4204.0,No,No,Sandy,28,Yes,Yes,-1.486195,36.234187,1264.0,4.5,Conflict over water with neighbouring farms.,Joined a farmers group that trains on post-harvest handling.,,True,5
64d0b80e-ab76-431e-9686-f239e0dfcd1b,2025-10-01 09:23:00,2025-10-01 08:43:00,2025-10-01 09:23:00,collect:device:820892,8901454549587,177256369100791,254733513701.0,enum_john,2400,20250901v3,uuid:64d0b80e-ab76-431e-9686-f239e0dfcd1b,R0074,25.0,Female,Tertiary,6,0.5,Coffee,,329.0,350324.0,Yes,Yes,Sandy,13,Yes,No,0.538654,36.91929,2024.7,11.1,Lack of capital to buy proper equipment or hire labour.,I follow advice from the radio agricultural program.,Need more support with inputs.,True,5
22b23c3e-d591-44f9-aa59-bee9118be1d5,2025-09-25 09:20:00,2025-09-25 08:44:00,2025-09-25 09:20:00,collect:device:765046,8901769108025,145327589139619,254797444123.0,enum_john,2160,20250901v3,uuid:22b23c3e-d591-44f9-aa59-bee9118be1d5,R0075,32.0,Male,Tertiary,3,3.27,Beans,Maize,4916.9,9775.0,No,Yes,Loam,15,Yes,Yes,0.267143,36.663006,1492.4,13.2,Everything is expensive and the weather is bad.,Tried planting cover crops but they did not establish well.,Market prices are too low.,True,5
9ce9f798-d323-4066-8beb-1f9d766da246,2025-09-30 13:43:00,2025-09-30 12:41:00,2025-09-30 13:43:00,collect:device:994343,8901437064353,134938503392621,254747333543.0,enum_mary,3720,20250901v3,uuid:9ce9f798-d323-4066-8beb-1f9d766da246,R0076,44.0,Male,Primary,11,0.77,,Beans,218.3,34749.0,No,No,Unknown,23,Yes,No,0.322518,36.609974,1643.9,18.9,Crop diseases that I do not know how to control.,I follow advice from the radio agricultural program.,I would like irrigation support.,True,4
1b13f5f2-aaf0-4a23-9fba-5f911f64ecef,2025-09-30 11:27:00,2025-09-30 10:22:00,2025-09-30 11:27:00,collect:device:376807,8901812306873,378416743579941,254788561612.0,enum_james,3900,20250901v3,uuid:1b13f5f2-aaf0-4a23-9fba-5f911f64ecef,R0077,63.0,Male,Primary,5,0.39,Maize,Vegetables,1066.3,131274.0,Yes,No,Sandy,44,Yes,Yes,0.428176,38.432526,1221.9,17.4,Lack of capital to buy proper equipment or hire labour.,I follow advice from the radio agricultural program.,Thank you for the survey.,True,5
ef2aa7f8-3682-4450-98b3-75b3e87a37d6,2025-09-07 08:54:00,2025-09-07 08:37:00,2025-09-07 08:54:00,collect:device:629959,8901233815413,799560065736694,254775998319.0,enum_grace,1020,20250901v3,uuid:ef2aa7f8-3682-4450-98b3-75b3e87a37d6,R0078,67.0,Male,Primary,2,1.09,Beans,Beans,343.3,14056.0,Yes,Yes,Sandy,26,,No,-1.314888,36.982744,1501.0,18.6,Labour is expensive and hard to find during peak seasons.,,,True,5
7d594730-4f83-4f9d-809d-fa4df226b7d2,2025-09-28 19:55:00,2025-09-28 18:59:00,2025-09-28 19:55:00,collect:device:612262,8901872830248,368577844397963,254773083727.0,enum_grace,3360,20250901v3,uuid:7d594730-4f83-4f9d-809d-fa4df226b7d2,R0079,69.0,Female,,11,0.25,Other,Maize,483.6,2884.0,Yes,No,Loam,4,No,No,-0.603836,38.230116,1702.6,3.2,I lost most of my beans to heavy rains that came at the wrong time.,Planted drought-tolerant maize variety recommended by the agrovet.,The training last month was useful.,True,5
9b6885e6-bd7b-4713-8376-fbda09666ba7,2025-09-10 11:30:00,2025-09-10 10:57:00,2025-09-10 11:30:00,collect:device:363319,8901422468580,633182077207700,254754735895.0,enum_mary,1980,20250901v3,uuid:9b6885e6-bd7b-4713-8376-fbda09666ba7,R0080,24.0,Male,Tertiary,6,1.65,Maize,,1000.4,22260.0,Yes,No,Loam,26,No,No,-1.210327,37.577847,1256.2,7.8,Water scarcity for irrigation even though I have a small pump.,Joined a farmers group that trains on post-harvest handling.,,True,5
b1a8fa30-68ed-41f4-85c9-5f6790704ddf,2025-09-25 18:05:00,2025-09-25 16:38:00,2025-09-25 18:05:00,collect:device:987204,8901644518647,228791764641713,254724039158.0,enum_peter,5220,20250901v3,uuid:b1a8fa30-68ed-41f4-85c9-5f6790704ddf,R0081,20.0,Male,Tertiary,6,1.1,Vegetables,Beans,2002.4,13873.0,No,No,Clay,40,No,No,0.657759,37.987028,1691.1,17.6,Everything is expensive and the weather is bad.,Planted drought-tolerant maize variety recommended by the agrovet.,I would like irrigation support.,True,5
f07eacc2-8d97-43f9-8f9e-2184817fc3ea,2025-09-09 18:35:00,2025-09-09 17:53:00,2025-09-09 18:35:00,collect:device:153266,8901432091877,623578924369467,254754265498.0,enum_john,2520,20250901v3,uuid:f07eacc2-8d97-43f9-8f9e-2184817fc3ea,R0082,46.0,Female,Unknown,5,3.62,Maize,Potatoes,2867.1,2969.0,No,No,Loam,9,No,No,0.058245,37.256593,2127.1,13.6,Crop diseases that I do not know how to control.,Using mobile money to save for next season inputs.,Market prices are too low.,True,5
1dbdf84c-955f-427e-bef0-7cca55c7ba6b,2025-09-20 07:57:00,2025-09-20 06:58:00,2025-09-20 07:57:00,collect:device:196781,8901816070802,388504547386096,254776500726.0,enum_grace,3540,20250901v3,uuid:1dbdf84c-955f-427e-bef0-7cca55c7ba6b,R0083,61.0,Female,Unknown,6,2.27,Maize,Beans,166.8,49681.0,Yes,Yes,Clay,5,No,No,-0.672755,37.44226,1305.4,3.1,Government extension officers rarely visit our area.,"Nothing new this season, same as always.",,True,5
0415372e-2f00-4c94-a32f-7488ff0a5d16,2025-09-21 09:49:00,2025-09-21 08:24:00,2025-09-21 09:49:00,collect:device:765095,8901538508549,515339516227357,254763747791.0,enum_james,5100,20250901v3,uuid:0415372e-2f00-4c94-a32f-7488ff0a5d16,R0084,70.0,Male,Secondary,11,0.44,Tea,Beans,846.4,45606.0,Yes,Yes,Clay,32,Yes,Yes,-1.341104,37.231294,1964.4,20.7,Pests especially fall armyworm destroyed a large part of my maize.,Joined a farmers group that trains on post-harvest handling.,Market prices are too low.,True,5
282d5e63-bbb8-4193-a484-33dcba6d45cf,2025-10-03 16:06:00,2025-10-03 14:49:00,2025-10-03 16:06:00,collect:device:544151,8901450236225,782174671239863,254783832717.0,enum_grace,4620,20250901v3,uuid:282d5e63-bbb8-4193-a484-33dcba6d45cf,R0085,41.0,Female,Tertiary,7,0.69,Beans,,2473.9,127588.0,No,No,Loam,20,No,No,-0.722544,36.488107,1609.7,20.0,Crop diseases that I do not know how to control.,I now keep farm records of expenses and sales.,Soil testing would help us a lot.,True,5
9d79319a-596f-4a8e-9947-e898b35ebae6,2025-09-06 07:31:00,2025-09-06 06:04:00,2025-09-06 07:31:00,collect:device:969634,8901532074125,908801388727871,,enum_james,5220,20250901v3,uuid:9d79319a-596f-4a8e-9947-e898b35ebae6,R0086,20.0,Female,Secondary,5,2.05,Coffee,Maize,145.9,10584.0,Yes,No,Sandy,11,Yes,Yes,-0.687042,37.80613,1855.2,15.1,Pests especially fall armyworm destroyed a large part of my maize.,Using push-pull technology for pest control.,Market prices are too low.,True,5
a4519c15-9b26-4f0c-a787-4052a3d1f06e,2025-09-11 09:23:00,2025-09-11 08:50:00,2025-09-11 09:23:00,collect:device:390120,8901848621833,975714258798251,,enum_grace,1980,20250901v3,uuid:a4519c15-9b26-4f0c-a787-4052a3d1f06e,R0087,37.0,Male,Tertiary,1,2.66,Coffee,Beans,882.7,6254.0,No,No,Unknown,15,Yes,No,0.324015,36.701931,1460.2,4.5,Government extension officers rarely visit our area.,Using push-pull technology for pest control.,I would like irrigation support.,True,5
262f1bc4-1f89-48bf-81bb-426f6276581f,2025-09-15 12:20:00,2025-09-15 11:19:00,2025-09-15 12:20:00,collect:device:146228,8901417457352,284386464889024,254725558733.0,enum_john,3660,20250901v3,uuid:262f1bc4-1f89-48bf-81bb-426f6276581f,R0088,63.0,Male,Primary,8,3.59,Maize,Maize,663.9,23216.0,No,No,Sandy,32,Yes,No,0.093894,36.06079,1359.5,19.9,I lost most of my beans to heavy rains that came at the wrong time.,Bought a small solar pump for irrigation.,Need more support with inputs.,True,5
6cf0f8c2-7ed6-4683-9b70-2e0b19290078,2025-09-26 17:55:00,2025-09-26 17:27:00,2025-09-26 17:55:00,collect:device:103717,8901695295870,450198596890828,254764247457.0,enum_james,1680,20250901v3,uuid:6cf0f8c2-7ed6-4683-9b70-2e0b19290078,R0089,32.0,Female,Primary,4,3.57,Potatoes,Maize,965.9,32953.0,No,Yes,Loam,28,No,No,0.718032,37.613681,1360.5,15.8,Water scarcity for irrigation even though I have a small pump.,,Soil testing would help us a lot.,True,5
bdfafe4b-c040-4ab2-95d2-9f04fb60a50c,2025-09-14 14:36:00,2025-09-14 13:44:00,2025-09-14 14:36:00,collect:device:449759,8901236674237,751538413149205,254710154493.0,enum_john,3120,20250901v3,uuid:bdfafe4b-c040-4ab2-95d2-9f04fb60a50c,R0090,42.0,Female,,9,1.26,Maize,Potatoes,331.9,100056.0,No,Yes,Loam,22,No,Yes,-0.319463,36.442777,1270.5,20.2,High cost of fertilizer and seeds. I could not afford enough.,Installed a small drip irrigation system for vegetables.,Need more support with inputs.,True,5
ced02acf-d216-4361-90c9-d9c38ecbee8e,2025-09-21 07:04:00,2025-09-21 05:57:00,2025-09-21 07:04:00,collect:device:908577,8901305986733,748287998471707,254782825679.0,enum_peter,4020,20250901v3,uuid:ced02acf-d216-4361-90c9-d9c38ecbee8e,R0091,47.0,,,10,1.8,Beans,Maize,182.7,171378.0,Yes,No,Clay,41,No,No,-1.201014,38.351146,1385.6,19.5,Unpredictable weather and long dry spells.,I follow advice from the radio agricultural program.,,True,4
8dbc05c6-5515-468f-9a68-474fb603ee3c,2025-09-03 12:25:00,2025-09-03 11:10:00,2025-09-03 12:25:00,collect:device:237174,8901551450815,522560177770658,254717275149.0,enum_john,4500,20250901v3,uuid:8dbc05c6-5515-468f-9a68-474fb603ee3c,R0092,31.0,Male,Secondary,6,3.82,Beans,,118.9,138127.0,Yes,No,Loam,17,No,,0.283112,38.384821,1864.2,20.7,My biggest problem is access to quality certified seeds.,Practicing crop rotation between maize and beans.,The training last month was useful.,True,5
4d9aa392-563e-45e0-839f-b2778761b6c9,2025-10-07 13:48:00,2025-10-07 12:58:00,2025-10-07 13:48:00,collect:device:768061,8901813962536,323298420683808,254758557203.0,enum_john,3000,20250901v3,uuid:4d9aa392-563e-45e0-839f-b2778761b6c9,R0093,24.0,Male,Primary,1,1.06,Coffee,Potatoes,1601.6,49227.0,No,No,Clay,26,Yes,No,0.401963,38.287161,2081.7,14.4,Government extension officers rarely visit our area.,Started intercropping to maximize the small land I have.,Thank you for the survey.,True,5
6163aa41-fc69-4d7f-b34d-d62b82e16db9,2025-09-19 08:24:00,2025-09-19 07:30:00,2025-09-19 08:24:00,collect:device:374680,8901507104143,766639380283718,254776906611.0,enum_peter,3240,20250901v3,uuid:6163aa41-fc69-4d7f-b34d-d62b82e16db9,R0094,34.0,Female,Secondary,3,1.83,Maize,Vegetables,1796.6,87505.0,No,No,,44,No,No,-0.096807,36.925397,2014.1,6.1,Unpredictable weather and long dry spells.,,I would like irrigation support.,True,5
60f69ab2-07c6-4bb0-911c-c231352cda8a,2025-09-21 17:56:00,2025-09-21 17:12:00,2025-09-21 17:56:00,collect:device:269430,8901827264603,373424607016234,254716927215.0,enum_mary,2640,20250901v3,uuid:60f69ab2-07c6-4bb0-911c-c231352cda8a,R0095,61.0,Male,Secondary,3,1.04,Maize,,873.4,17952.0,Yes,No,Clay,7,Yes,No,0.427418,36.038642,1885.1,17.8,,I now keep farm records of expenses and sales.,Need more support with inputs.,True,5
f8d6135f-173c-4654-9b06-65810d754475,2025-10-03 07:52:00,2025-10-03 07:29:00,2025-10-03 07:52:00,collect:device:877236,8901903303363,884965840548908,254783715012.0,enum_peter,1380,20250901v3,uuid:f8d6135f-173c-4654-9b06-65810d754475,R0096,37.0,Male,Primary,10,0.87,Tea,Maize,411.3,43706.0,No,Yes,Sandy,42,Yes,Yes,-0.265511,38.320796,1310.4,16.7,I lost most of my beans to heavy rains that came at the wrong time.,Applied organic manure from my cattle and reduced chemical fertilizer.,Thank you for the survey.,True,5
35d05e59-631c-435c-ad94-9168ec517413,2025-09-04 15:56:00,2025-09-04 14:38:00,2025-09-04 15:56:00,collect:device:563298,8901286860433,439554842267316,,enum_peter,4680,20250901v3,uuid:35d05e59-631c-435c-ad94-9168ec517413,R0097,53.0,Male,,4,1.4,Maize,,154.4,9795.0,No,Sometimes,Clay,26,Yes,No,-0.193168,37.07046,1489.2,19.3,Labour is expensive and hard to find during peak seasons.,,Hope next season will be better.,True,5
f8c79fba-be60-4bc4-a082-8d13f4ea2e4b,2025-09-07 11:54:00,2025-09-07 11:07:00,2025-09-07 11:54:00,collect:device:678478,8901760904107,870409115734360,254775056916.0,enum_john,2820,20250901v3,uuid:f8c79fba-be60-4bc4-a082-8d13f4ea2e4b,R0098,26.0,Female,Secondary,6,0.78,Coffee,Beans,1104.3,38908.0,No,Yes,,25,Yes,No,-0.431147,38.416637,1509.8,6.7,Soil is becoming less fertile and yields keep dropping every year.,Bought a small solar pump for irrigation.,Market prices are too low.,True,5
7de70d7c-455f-495b-aef5-83fa58ee2b21,2025-10-03 06:23:00,2025-10-03 05:17:00,2025-10-03 06:23:00,collect:device:839945,8901711072118,996471863752425,,enum_john,3960,20250901v3,uuid:7de70d7c-455f-495b-aef5-83fa58ee2b21,R0099,55.0,Female,Secondary,7,1.22,Maize,,247.0,40035.0,No,,Loam,10,Yes,Yes,-1.436452,38.40905,1450.0,7.3,Water scarcity for irrigation even though I have a small pump.,Joined a farmers group that trains on post-harvest handling.,Need more support with inputs.,True,5
83867699-7b6f-40f7-a5b7-f251176ea6d6,2025-10-04 17:57:00,2025-10-04 17:29:00,2025-10-04 17:57:00,collect:device:548462,8901423142470,737184098777395,254791721371.0,enum_peter,1680,20250901v3,uuid:83867699-7b6f-40f7-a5b7-f251176ea6d6,R0100,65.0,Female,Tertiary,10,0.59,Coffee,Vegetables,350.7,241432.0,No,No,Loam,19,Yes,Yes,-1.230271,38.132524,1715.0,22.6,Soil is becoming less fertile and yields keep dropping every year.,Planted drought-tolerant maize variety recommended by the agrovet.,Soil testing would help us a lot.,True,5
d49adf5d-f717-4b63-bc5f-c227d3916679,2025-10-09 11:48:00,2025-10-09 10:19:00,2025-10-09 11:48:00,collect:device:688153,8901536019893,146242979301958,254731257157.0,enum_mary,5340,20250901v3,uuid:d49adf5d-f717-4b63-bc5f-c227d3916679,R0101,74.0,Male,Secondary,4,1.16,Coffee,Maize,392.3,28229.0,No,Yes,Clay,11,Yes,Yes,-1.421427,36.736122,1735.6,19.5,Crop diseases that I do not know how to control.,Bought a small solar pump for irrigation.,I would like irrigation support.,True,5
9c488db6-cff0-49f6-be47-7f31e87b20a6,2025-09-17 07:05:00,2025-09-17 05:58:00,2025-09-17 07:05:00,collect:device:110139,8901688343096,699815148951688,254711835355.0,enum_grace,4020,20250901v3,uuid:9c488db6-cff0-49f6-be47-7f31e87b20a6,R0102,39.0,Female,Tertiary,6,1.93,Maize,,556.8,40097.0,Yes,No,Loam,13,No,No,0.091026,36.962744,1556.9,23.0,Everything is expensive and the weather is bad.,I started using conservation agriculture and mulching to keep moisture.,Market prices are too low.,True,5
1c6bd968-6bcd-4bec-95ff-09c4158c64d3,2025-09-06 07:00:00,2025-09-06 05:47:00,2025-09-06 07:00:00,collect:device:217308,8901995205588,844805003570792,254722510327.0,enum_grace,4380,20250901v3,uuid:1c6bd968-6bcd-4bec-95ff-09c4158c64d3,R0103,71.0,Female,Secondary,11,0.84,Beans,,335.9,47130.0,No,No,Clay,8,No,,-0.71411,38.127842,1553.8,19.7,Everything is expensive and the weather is bad.,Applied organic manure from my cattle and reduced chemical fertilizer.,Thank you for the survey.,True,5
a02acd86-68fb-4a3d-938f-ae2f4d58aa78,2025-09-10 10:04:00,2025-09-10 09:09:00,2025-09-10 10:04:00,collect:device:178898,8901100435874,177637420432319,254725228493.0,enum_james,3300,20250901v3,uuid:a02acd86-68fb-4a3d-938f-ae2f4d58aa78,R0104,70.0,Female,Secondary,1,1.36,Maize,Beans,685.5,22020.0,No,No,Clay-Loam,40,No,Yes,-0.228573,36.792305,2028.6,16.1,Water scarcity for irrigation even though I have a small pump.,I now keep farm records of expenses and sales.,I would like irrigation support.,True,5
8401a9dd-248a-42a8-b0c7-e62f8517b1ad,2025-09-02 11:47:00,2025-09-02 10:25:00,2025-09-02 11:47:00,collect:device:824586,8901426283245,829068576613750,254725766039.0,enum_grace,4920,20250901v3,uuid:8401a9dd-248a-42a8-b0c7-e62f8517b1ad,R0105,70.0,Male,Primary,8,1.51,Maize,Beans,380.1,15022.0,No,Yes,Clay,4,No,No,0.768916,36.423732,1989.3,17.4,My biggest problem is access to quality certified seeds.,Practicing crop rotation between maize and beans.,Need more support with inputs.,True,5
5c0eddb4-54a6-4a72-be27-75d37210de88,2025-09-02 15:33:00,2025-09-02 14:11:00,2025-09-02 15:33:00,collect:device:256294,8901408071259,114243577130284,254730665654.0,enum_peter,4920,20250901v3,uuid:5c0eddb4-54a6-4a72-be27-75d37210de88,R0106,19.0,Female,Primary,7,1.94,,,1250.4,151553.0,No,No,Clay,31,Yes,Yes,-0.876769,37.392003,1507.8,22.6,No storage facilities so I have to sell immediately after harvest at low price.,I follow advice from the radio agricultural program.,The training last month was useful.,True,4
3c2e7dbe-2f23-4bb1-806d-5010c3b45aea,2025-09-16 08:38:00,2025-09-16 08:16:00,2025-09-16 08:38:00,collect:device:672092,8901325681936,572943972698573,254749172995.0,enum_grace,1320,20250901v3,uuid:3c2e7dbe-2f23-4bb1-806d-5010c3b45aea,R0107,41.0,Male,,11,1.21,Beans,,1682.4,12345.0,Yes,No,Clay,28,No,,-0.474043,38.340387,2113.8,15.7,My biggest problem is access to quality certified seeds.,mulching and organic fertilizer,Soil testing would help us a lot.,True,5
1e4eeb57-8898-4c78-a04f-8e3ed408292a,2025-09-22 17:23:00,2025-09-22 17:07:00,2025-09-22 17:23:00,collect:device:137778,8901561588882,651919714322284,254746698468.0,enum_mary,960,20250901v3,uuid:1e4eeb57-8898-4c78-a04f-8e3ed408292a,R0108,25.0,Male,,11,3.22,Vegetables,,733.4,8428.0,No,Yes,Loam,11,No,Yes,0.388878,37.740074,2152.8,16.9,I lost most of my beans to heavy rains that came at the wrong time.,mulching and organic fertilizer,Hope next season will be better.,True,5
e428efcd-a558-4193-a43e-4bdb91e1f6c6,2025-10-10 11:59:00,2025-10-10 11:04:00,2025-10-10 11:59:00,collect:device:975136,8901943702118,588102011639907,254774759996.0,enum_mary,3300,20250901v3,uuid:e428efcd-a558-4193-a43e-4bdb91e1f6c6,R0109,28.0,Female,Tertiary,9,0.25,Maize,,1008.6,76749.0,No,Yes,Loam,43,No,No,-0.928005,37.425153,1526.7,6.4,Climate change is real; seasons are no longer predictable.,Using push-pull technology for pest control.,I would like irrigation support.,True,5
b932ac82-aca4-4d69-897c-27dd0237b8f1,2025-09-10 08:50:00,2025-09-10 07:41:00,2025-09-10 08:50:00,collect:device:487151,8901722753913,507789796469911,254742713008.0,enum_grace,4140,20250901v3,uuid:b932ac82-aca4-4d69-897c-27dd0237b8f1,R0110,30.0,Male,Secondary,3,14.16,Potatoes,,4474.1,129780.0,Yes,No,Clay,1,Yes,No,-1.30755,36.242941,1554.4,13.4,Crop diseases that I do not know how to control.,Using mobile money to save for next season inputs.,The training last month was useful.,True,5
37b75211-265a-4b65-b40f-3a73a9522aba,2025-10-02 12:20:00,2025-10-02 11:50:00,2025-10-02 12:20:00,collect:device:710805,8901751397897,617620132882818,254729413516.0,enum_peter,1800,20250901v3,uuid:37b75211-265a-4b65-b40f-3a73a9522aba,R0111,34.0,Male,Secondary,2,0.67,Potatoes,,231.5,22103.0,Yes,Yes,Clay-Loam,38,Yes,No,-0.775621,37.537518,1705.6,18.8,Soil is becoming less fertile and yields keep dropping every year.,Planted drought-tolerant maize variety recommended by the agrovet.,Need more support with inputs.,True,5
8aeb79ef-9de1-4e77-b5a4-127223e8a22e,2025-09-20 15:03:00,2025-09-20 13:47:00,2025-09-20 15:03:00,collect:device:679364,8901802984810,272252701273592,254790447099.0,enum_grace,4560,20250901v3,uuid:8aeb79ef-9de1-4e77-b5a4-127223e8a22e,R0112,25.0,Female,Primary,1,1.86,Coffee,Maize,219.2,22479.0,Yes,,Loam,24,No,No,-1.096947,38.475135,2141.1,9.0,pests and drought,Practicing crop rotation between maize and beans.,Soil testing would help us a lot.,True,5
155bee3f-9ecc-413e-9f98-37134f95fd18,2025-09-22 13:39:00,2025-09-22 12:37:00,2025-09-22 13:39:00,collect:device:255287,8901446012478,298313395361258,254728321839.0,enum_james,3720,20250901v3,uuid:155bee3f-9ecc-413e-9f98-37134f95fd18,R0113,38.0,Female,,3,0.64,Beans,Beans,1243.3,49553.0,Yes,Sometimes,Loam,31,Yes,No,0.824244,36.35021,2076.3,7.4,,Using mobile money to save for next season inputs.,Market prices are too low.,True,5
0acc65f2-d12e-429d-8ce6-034ed566fa2b,2025-09-21 11:51:00,2025-09-21 11:07:00,2025-09-21 11:51:00,collect:device:550664,8901599277266,687434418635330,254747077298.0,enum_james,2640,20250901v3,uuid:0acc65f2-d12e-429d-8ce6-034ed566fa2b,R0114,35.0,Female,,5,2.26,Beans,,3834.9,16670.0,No,Yes,Sandy,41,No,No,0.520301,37.295824,1302.6,9.9,High cost of fertilizer and seeds. I could not afford enough.,I started using conservation agriculture and mulching to keep moisture.,Thank you for the survey.,True,5
f5ecf907-9329-4061-b320-7959d8fc8c6f,2025-09-28 19:26:00,2025-09-28 19:00:00,2025-09-28 19:26:00,collect:device:233636,8901574364121,832351905220945,254765692629.0,enum_james,1560,20250901v3,uuid:f5ecf907-9329-4061-b320-7959d8fc8c6f,R0115,47.0,Female,Primary,11,1.68,Beans,,526.1,15369.0,Yes,No,Sandy,26,Yes,Yes,0.083509,38.193433,1592.7,8.3,Pests especially fall armyworm destroyed a large part of my maize.,Using mobile money to save for next season inputs.,Need more support with inputs.,True,5
bc8849fb-62e8-4a61-b9b2-91092e0fdcf2,2025-10-10 15:27:00,2025-10-10 14:38:00,2025-10-10 15:27:00,collect:device:143860,8901574765466,793453694705318,254778147397.0,enum_peter,2940,20250901v3,uuid:bc8849fb-62e8-4a61-b9b2-91092e0fdcf2,R0116,35.0,Female,Secondary,2,0.8,Beans,Beans,3146.8,95564.0,Yes,Sometimes,Loam,5,Yes,Yes,0.678651,37.851922,1753.4,7.7,Poor road access to market so I sell at very low prices to middlemen.,Started intercropping to maximize the small land I have.,,True,5
9f2d5a89-89b3-425b-bbc0-8ea79aed8862,2025-09-26 06:01:00,2025-09-26 05:36:00,2025-09-26 06:01:00,collect:device:423232,8901825449223,972168435331866,254710344303.0,enum_mary,1500,20250901v3,uuid:9f2d5a89-89b3-425b-bbc0-8ea79aed8862,R0117,63.0,Male,Primary,3,3.19,Vegetables,Maize,725.4,70816.0,Yes,Yes,Clay,20,No,No,0.50918,37.742539,1703.1,12.3,Soil is becoming less fertile and yields keep dropping every year.,,Hope next season will be better.,True,5
47f8580e-b6fa-410e-a8f5-6b2088888521,2025-09-25 13:02:00,2025-09-25 11:44:00,2025-09-25 13:02:00,collect:device:482364,8901329460134,623399676198431,254750071487.0,enum_peter,4680,20250901v3,uuid:47f8580e-b6fa-410e-a8f5-6b2088888521,R0118,64.0,Male,Primary,4,1.18,Other,,360.4,153626.0,No,No,Clay,41,Yes,Yes,-1.033575,37.75621,1393.9,23.0,Lack of capital to buy proper equipment or hire labour.,Attended a training on climate-smart agriculture last year.,Hope next season will be better.,True,5
e541dcdc-55ae-4712-b2ab-84e3dd425f92,2025-09-08 17:32:00,2025-09-08 16:28:00,2025-09-08 17:32:00,collect:device:934794,8901648868899,767067395377315,254787835998.0,enum_mary,3840,20250901v3,uuid:e541dcdc-55ae-4712-b2ab-84e3dd425f92,R0119,48.0,Female,Primary,7,2.09,Maize,Vegetables,272.7,9156.0,Yes,Sometimes,Clay-Loam,11,No,Yes,0.731397,36.898728,2058.8,14.2,No storage facilities so I have to sell immediately after harvest at low price.,I follow advice from the radio agricultural program.,Market prices are too low.,True,5
aecf5857-0295-45d3-8c2d-3f6b3c89f40d,2025-10-05 11:38:00,2025-10-05 11:03:00,2025-10-05 11:38:00,collect:device:141832,8901608079792,462882939589111,254775718414.0,enum_grace,2100,20250901v3,uuid:aecf5857-0295-45d3-8c2d-3f6b3c89f40d,R0120,55.0,Female,Primary,3,0.65,Potatoes,Vegetables,1172.0,20896.0,Yes,Yes,Unknown,33,No,No,-0.151644,36.73398,1876.9,7.1,Conflict over water with neighbouring farms.,Bought a small solar pump for irrigation.,Soil testing would help us a lot.,True,5
6cc165dd-67fa-41e6-acf0-2d42523eb696,2025-09-23 14:58:00,2025-09-23 13:35:00,2025-09-23 14:58:00,collect:device:475190,8901952266893,376406278414240,254769934576.0,enum_grace,4980,20250901v3,uuid:6cc165dd-67fa-41e6-acf0-2d42523eb696,R0121,49.0,Female,Secondary,9,1.32,Other,Vegetables,291.9,49479.0,No,No,Sandy,38,Yes,,0.5186,38.023403,2037.9,4.7,High cost of fertilizer and seeds. I could not afford enough.,mulching and organic fertilizer,Need more support with inputs.,True,5
618133a9-b441-4b60-8ffa-e041496de39f,2025-09-19 10:50:00,2025-09-19 09:48:00,2025-09-19 10:50:00,collect:device:320281,8901954725078,414044085930532,254756321751.0,enum_grace,3720,20250901v3,uuid:618133a9-b441-4b60-8ffa-e041496de39f,R0122,28.0,Female,Tertiary,8,6.7,Maize,Beans,715.6,13119.0,,No,Sandy,27,,No,0.740228,38.025283,2058.8,18.3,I lost most of my beans to heavy rains that came at the wrong time.,Installed a small drip irrigation system for vegetables.,Need more support with inputs.,True,5
458f5fed-cadc-44af-acee-3d57f3cf6037,2025-09-11 13:11:00,2025-09-11 12:37:00,2025-09-11 13:11:00,collect:device:815198,8901890232588,607561546781918,254782937948.0,enum_mary,2040,20250901v3,uuid:458f5fed-cadc-44af-acee-3d57f3cf6037,R0123,62.0,Male,Primary,4,2.92,Maize,Maize,2765.9,73560.0,No,Sometimes,Loam,34,Yes,Yes,-0.704991,38.167681,1948.4,11.4,I lost most of my beans to heavy rains that came at the wrong time.,Using push-pull technology for pest control.,The training last month was useful.,True,5
eacad216-d40d-491c-a64b-6cf1333a1053,2025-09-10 13:23:00,2025-09-10 12:02:00,2025-09-10 13:23:00,collect:device:361650,8901282204745,944958553462155,254753188224.0,enum_john,4860,20250901v3,uuid:eacad216-d40d-491c-a64b-6cf1333a1053,R0124,42.0,Female,Secondary,1,1.73,Potatoes,Maize,504.7,139677.0,Yes,,Sandy,15,Yes,Yes,-1.22487,38.283101,1639.2,21.1,Conflict over water with neighbouring farms.,Attended a training on climate-smart agriculture last year.,,True,5
eb0db2b3-49d9-48bc-8c08-96a61f5a8341,2025-09-28 14:35:00,2025-09-28 13:37:00,2025-09-28 14:35:00,collect:device:799330,8901807435606,741592800518741,254742051937.0,enum_peter,3480,20250901v3,uuid:eb0db2b3-49d9-48bc-8c08-96a61f5a8341,R0125,50.0,Male,Tertiary,1,0.94,Coffee,Beans,2170.3,19116.0,No,Sometimes,Clay,32,Yes,,-0.930162,37.278356,1810.5,17.5,Labour is expensive and hard to find during peak seasons.,Using push-pull technology for pest control.,Thank you for the survey.,True,5
ffb0b8d9-6c98-4cbe-b9d0-30d62d05dea6,2025-10-07 10:07:00,2025-10-07 09:20:00,2025-10-07 10:07:00,collect:device:207786,8901191048514,852313387889365,254741348220.0,enum_john,2820,20250901v3,uuid:ffb0b8d9-6c98-4cbe-b9d0-30d62d05dea6,R0126,55.0,Female,Secondary,1,1.42,Vegetables,,222.9,37890.0,No,No,Clay,21,Yes,Yes,-0.432231,37.253791,1360.4,20.5,pests and drought,Planted drought-tolerant maize variety recommended by the agrovet.,Soil testing would help us a lot.,True,5
2e07eb04-49aa-47e1-abff-1d585b166b65,2025-09-09 19:39:00,2025-09-09 18:12:00,2025-09-09 19:39:00,collect:device:470858,8901404713332,478749023777131,254765133300.0,enum_james,5220,20250901v3,uuid:2e07eb04-49aa-47e1-abff-1d585b166b65,R0127,58.0,Female,,1,1.58,Maize,Vegetables,411.4,180084.0,No,No,Loam,5,Yes,Yes,0.545037,37.995738,1873.6,9.0,Water scarcity for irrigation even though I have a small pump.,Participating in a demo plot with the county agricultural office.,I would like irrigation support.,True,5
cab28d1e-f08d-4f97-ae90-ffc57e6f485d,2025-09-18 15:59:00,2025-09-18 14:44:00,2025-09-18 15:59:00,collect:device:918011,8901653462378,656537690513921,,enum_mary,4500,20250901v3,uuid:cab28d1e-f08d-4f97-ae90-ffc57e6f485d,R0128,25.0,Male,Secondary,8,1.93,Vegetables,Potatoes,187.5,262813.0,Yes,Yes,Loam,6,No,No,0.651826,37.62491,1379.3,18.2,Everything is expensive and the weather is bad.,Bought a small solar pump for irrigation.,Thank you for the survey.,True,5
aa0b65a8-9093-4dc3-a703-b9bfec4bb4e7,2025-09-20 11:11:00,2025-09-20 10:48:00,2025-09-20 11:11:00,collect:device:687080,8901812807629,465934868433805,254761167978.0,enum_john,1380,20250901v3,uuid:aa0b65a8-9093-4dc3-a703-b9bfec4bb4e7,R0129,28.0,Male,Primary,3,0.57,Maize,Potatoes,710.3,82486.0,No,No,Clay,38,,No,-1.48262,37.754917,1893.9,8.8,Drought and lack of reliable rainfall this season made it hard to plant on time.,Planted drought-tolerant maize variety recommended by the agrovet.,,True,5
1fedd65e-4524-4543-b8db-861c6312e3b9,2025-09-02 12:15:00,2025-09-02 10:53:00,2025-09-02 12:15:00,collect:device:526117,8901779615069,648931961163399,254799078806.0,enum_john,4920,20250901v3,uuid:1fedd65e-4524-4543-b8db-861c6312e3b9,R0130,39.0,Male,Primary,6,2.3,Maize,Beans,1342.2,69757.0,No,Yes,Clay,22,Yes,No,-0.223132,37.989482,1429.6,23.7,Poor road access to market so I sell at very low prices to middlemen.,"Nothing new this season, same as always.",Thank you for the survey.,True,5
76e2616a-05f9-4e11-aa98-2628831b4f3d,2025-09-03 18:02:00,2025-09-03 17:13:00,2025-09-03 18:02:00,collect:device:750810,8901764926227,499497294085255,254797512508.0,enum_grace,2940,20250901v3,uuid:76e2616a-05f9-4e11-aa98-2628831b4f3d,R0131,68.0,Male,Primary,3,0.56,Maize,,711.7,14198.0,,Yes,Clay,18,No,Yes,-0.456472,38.225013,1317.6,17.0,Everything is expensive and the weather is bad.,Planted drought-tolerant maize variety recommended by the agrovet.,Need more support with inputs.,True,5
330914fb-6572-4e25-9c27-46a8e628c558,2025-09-27 07:42:00,2025-09-27 06:23:00,2025-09-27 07:42:00,collect:device:885884,8901459905654,390880086785502,254776481885.0,enum_grace,4740,20250901v3,uuid:330914fb-6572-4e25-9c27-46a8e628c558,R0132,41.0,Female,Unknown,11,4.98,Vegetables,Vegetables,2006.9,53913.0,Yes,No,Loam,14,No,Yes,-0.94473,36.844988,1365.3,10.1,Water scarcity for irrigation even though I have a small pump.,Planted drought-tolerant maize variety recommended by the agrovet.,Soil testing would help us a lot.,True,5
cba167b7-a1d1-4f11-8aae-40cde8ac1407,2025-10-10 11:32:00,2025-10-10 11:10:00,2025-10-10 11:32:00,collect:device:262060,8901200273738,414865514213958,254726944487.0,enum_mary,1320,20250901v3,uuid:cba167b7-a1d1-4f11-8aae-40cde8ac1407,R0133,58.0,Female,Primary,5,0.73,Tea,Potatoes,338.9,67004.0,No,Yes,Clay,10,No,,-1.200337,36.938957,1202.0,8.9,Government extension officers rarely visit our area.,Participating in a demo plot with the county agricultural office.,Thank you for the survey.,True,5
bfa9df5f-f909-491b-af14-819f22430100,2025-09-28 06:54:00,2025-09-28 05:55:00,2025-09-28 06:54:00,collect:device:348237,8901978775497,771212680029798,254789212676.0,enum_john,3540,20250901v3,uuid:bfa9df5f-f909-491b-af14-819f22430100,R0134,34.0,Male,Primary,7,1.71,Coffee,Beans,814.7,28813.0,Organic Only,Yes,Clay,13,No,Yes,-0.655962,36.234955,1918.7,7.2,Poor road access to market so I sell at very low prices to middlemen.,mulching and organic fertilizer,Market prices are too low.,True,5
2f151655-e955-481f-9a2a-4ef21c7b9025,2025-09-08 10:31:00,2025-09-08 09:30:00,2025-09-08 10:31:00,collect:device:270395,8901906528433,725765036689809,254723470708.0,enum_peter,3660,20250901v3,uuid:2f151655-e955-481f-9a2a-4ef21c7b9025,R0135,29.0,Male,Secondary,2,3.02,Beans,,413.8,18878.0,Yes,Yes,Clay-Loam,31,Yes,No,0.857274,37.4457,1932.4,18.3,Theft of produce from the farm at night.,I am experimenting with kitchen gardening for household food.,Hope next season will be better.,True,5
ac58e588-3d29-4fa7-a3af-c2cad8e4d0a5,2025-10-07 09:29:00,2025-10-07 08:35:00,2025-10-07 09:29:00,collect:device:938742,8901352188235,681667464495978,254769096899.0,enum_mary,3240,20250901v3,uuid:ac58e588-3d29-4fa7-a3af-c2cad8e4d0a5,R0136,74.0,Female,Primary,6,1.1,Maize,,921.0,8871.0,Organic Only,No,Clay,30,Yes,No,-0.691993,36.089856,1714.9,7.8,No storage facilities so I have to sell immediately after harvest at low price.,I am experimenting with kitchen gardening for household food.,I would like irrigation support.,True,5
00315985-e2f8-4e0a-bf9a-d4cb822e6c38,2025-09-06 19:53:00,2025-09-06 18:45:00,2025-09-06 19:53:00,collect:device:950155,8901822408848,315113213950655,,enum_grace,4080,20250901v3,uuid:00315985-e2f8-4e0a-bf9a-d4cb822e6c38,R0137,63.0,Male,,6,1.77,Beans,Maize,1046.7,5370.0,No,No,Loam,3,No,No,-0.203023,37.163995,1361.4,16.1,Lack of capital to buy proper equipment or hire labour.,Practicing crop rotation between maize and beans.,The training last month was useful.,True,5
ac87ea57-d31d-4654-a060-698560545c52,2025-09-19 14:11:00,2025-09-19 13:11:00,2025-09-19 14:11:00,collect:device:285652,8901433310361,371742948522791,254712059919.0,enum_grace,3600,20250901v3,uuid:ac87ea57-d31d-4654-a060-698560545c52,R0138,49.0,Female,,11,4.26,Vegetables,Beans,1123.4,4261.0,Yes,No,Clay,30,No,No,0.257547,37.356612,1283.6,8.8,Labour is expensive and hard to find during peak seasons.,Planted drought-tolerant maize variety recommended by the agrovet.,Soil testing would help us a lot.,True,5
5e82687e-8af0-4a1d-9fad-3afbcec256da,2025-09-11 19:54:00,2025-09-11 18:53:00,2025-09-11 19:54:00,collect:device:532322,8901341206079,557597498347573,254765026398.0,enum_mary,3660,20250901v3,uuid:5e82687e-8af0-4a1d-9fad-3afbcec256da,R0139,32.0,Female,,3,2.12,Beans,,253.8,68692.0,Yes,Yes,Clay,6,Yes,Yes,-0.590926,36.716353,1219.1,17.6,Drought and lack of reliable rainfall this season made it hard to plant on time.,I am experimenting with kitchen gardening for household food.,Soil testing would help us a lot.,True,5
4ff8246d-653f-4b05-b20d-355012655e84,2025-09-16 06:44:00,2025-09-16 06:15:00,2025-09-16 06:44:00,collect:device:125990,8901966040317,725074458816536,254730718012.0,enum_mary,1740,20250901v3,uuid:4ff8246d-653f-4b05-b20d-355012655e84,R0140,33.0,Male,Primary,6,1.79,Beans,,298.6,42722.0,No,No,Clay,29,No,No,0.929455,37.477083,1365.7,20.9,Water scarcity for irrigation even though I have a small pump.,Applied organic manure from my cattle and reduced chemical fertilizer.,The training last month was useful.,True,5
248d9b46-abe4-4d3c-8fca-3c264e25f092,2025-09-21 19:12:00,2025-09-21 18:39:00,2025-09-21 19:12:00,collect:device:288073,8901313814138,370581900973097,,,1980,20250901v3,uuid:248d9b46-abe4-4d3c-8fca-3c264e25f092,R0141,71.0,Male,,10,0.35,Beans,Maize,352.9,21329.0,Yes,No,Loam,8,Yes,No,0.906118,36.076251,2090.9,20.1,pests and drought,Practicing crop rotation between maize and beans.,I would like irrigation support.,True,5
18994a04-611b-4868-a952-7b4ce64a2db7,2025-10-04 09:27:00,2025-10-04 08:47:00,2025-10-04 09:27:00,collect:device:872343,8901258220114,636032064554527,254745570755.0,enum_peter,2400,20250901v3,uuid:18994a04-611b-4868-a952-7b4ce64a2db7,R0142,39.0,,Secondary,10,0.64,Beans,,536.5,25220.0,No,No,Clay-Loam,44,No,,-0.870544,36.09337,1441.5,19.7,Lack of capital to buy proper equipment or hire labour.,Applied organic manure from my cattle and reduced chemical fertilizer.,Need more support with inputs.,True,4
350b9fb2-9328-4d3c-b293-566f7ce9af45,2025-10-08 15:30:00,2025-10-08 14:24:00,2025-10-08 15:30:00,collect:device:448321,8901126226563,901465146401891,254763349308.0,enum_grace,3960,20250901v3,uuid:350b9fb2-9328-4d3c-b293-566f7ce9af45,R0143,45.0,Male,Primary,5,3.12,Potatoes,Maize,719.4,45776.0,Yes,No,Clay-Loam,43,,Yes,-0.256879,38.056501,1554.3,7.1,pests and drought,Still learning about proper spacing and planting dates.,I would like irrigation support.,True,5
05fa36eb-b834-4dda-a37d-743626fa0635,2025-09-27 10:24:00,2025-09-27 09:48:00,2025-09-27 10:24:00,collect:device:920391,8901149621604,604600635799429,254754099326.0,enum_john,2160,20250901v3,uuid:05fa36eb-b834-4dda-a37d-743626fa0635,R0144,37.0,Male,Primary,2,2.13,Coffee,,1258.0,30302.0,No,No,Sandy,44,No,Yes,-0.747804,36.900477,1305.3,4.9,Poor road access to market so I sell at very low prices to middlemen.,Applied organic manure from my cattle and reduced chemical fertilizer.,I would like irrigation support.,True,5
9d2a6044-e8b7-4411-a4f2-fb41c4fd76d1,2025-09-03 06:03:00,2025-09-03 05:28:00,2025-09-03 06:03:00,collect:device:531712,8901362897676,119416657798675,254781621574.0,enum_peter,2100,20250901v3,uuid:9d2a6044-e8b7-4411-a4f2-fb41c4fd76d1,R0145,50.0,Female,Primary,9,2.4,Maize,Beans,310.0,8311.0,Yes,No,Loam,33,No,,-0.787899,36.317651,1422.4,18.4,Theft of produce from the farm at night.,I now keep farm records of expenses and sales.,Hope next season will be better.,True,5
41e5b788-3a1a-4705-a00d-15db2b0535e9,2025-09-25 09:33:00,2025-09-25 08:28:00,2025-09-25 09:33:00,collect:device:941204,8901610173760,431279817136174,254752501540.0,enum_john,3900,20250901v3,uuid:41e5b788-3a1a-4705-a00d-15db2b0535e9,R0146,27.0,Male,Primary,8,2.24,Maize,Potatoes,157.4,99141.0,No,No,Clay,17,No,No,-1.407783,37.305608,1719.2,11.1,pests and drought,Using mobile money to save for next season inputs.,Thank you for the survey.,True,5
832ef297-db5e-4732-9e1a-5e0faaf6be1e,2025-09-26 19:04:00,2025-09-26 18:12:00,2025-09-26 19:04:00,collect:device:802448,8901756350429,555314729765564,254775491202.0,enum_peter,3120,20250901v3,uuid:832ef297-db5e-4732-9e1a-5e0faaf6be1e,R0147,57.0,,Secondary,3,3.79,Beans,Maize,4629.3,50743.0,,Yes,Sandy,11,No,No,0.023911,37.924984,1807.8,12.5,Conflict over water with neighbouring farms.,Joined a farmers group that trains on post-harvest handling.,Market prices are too low.,True,4
31bd17e3-8ee1-4d60-8fa6-81a25e2531d6,2025-10-05 18:27:00,2025-10-05 17:53:00,2025-10-05 18:27:00,collect:device:870763,8901925159146,373935985342093,254714818295.0,,2040,20250901v3,uuid:31bd17e3-8ee1-4d60-8fa6-81a25e2531d6,R0148,49.0,Female,Primary,8,1.1,Coffee,Maize,240.3,48654.0,,Yes,Clay-Loam,13,Yes,Yes,-0.243302,36.539553,1445.4,3.7,Unpredictable weather and long dry spells.,Participating in a demo plot with the county agricultural office.,The training last month was useful.,True,5
50a008de-62a3-4cd4-91a3-07ff13fee1a8,2025-09-29 14:51:00,2025-09-29 14:08:00,2025-09-29 14:51:00,collect:device:950132,8901178198716,847553257915579,254741510328.0,enum_mary,2580,20250901v3,uuid:50a008de-62a3-4cd4-91a3-07ff13fee1a8,R0149,67.0,Male,Primary,9,1.49,,Beans,1411.9,91246.0,No,No,Clay,11,No,No,-1.371303,37.557226,1257.7,8.7,Soil is becoming less fertile and yields keep dropping every year.,I now keep farm records of expenses and sales.,Need more support with inputs.,True,4
bb0bc460-50e3-4f5c-818d-f3aba10f7742,2025-10-08 07:05:00,2025-10-08 06:00:00,2025-10-08 07:05:00,collect:device:360222,8901588999385,515480454108090,254748571356.0,enum_john,3900,20250901v3,uuid:bb0bc460-50e3-4f5c-818d-f3aba10f7742,R0150,,,,3,,Tea,Beans,,14839.0,Yes,Yes,Clay,31,No,No,-0.803384,36.213369,1591.0,3.7,,,Soil testing would help us a lot.,True,1
